url,title,author,date_text,engagement_text,raw_text,type,image_url
,澳洲三文鱼，它是怎么能和三文鱼搭边？,澳洲流浪汉,2024-03-18,,"澳洲三文鱼，它是怎么能和三文鱼搭边？
澳洲流浪汉
2024-03-18",xiaohongshu_search,
,第一次拉大澳三轮子都冒烟了！,Yuriii澳洲野钓版,2024-10-22,,"第一次拉大澳三轮子都冒烟了！
Yuriii澳洲野钓版
2024-10-22",xiaohongshu_search,
,🐟冬天就该钓澳三！悉尼海边的“暴力美学”,Bluebite,2025-07-27,,"🐟冬天就该钓澳三！悉尼海边的“暴力美学”
Bluebite
2025-07-27",xiaohongshu_search,
,成功解锁🔓澳三！！！🇦🇺,暴走的Tiger,2024-12-22,,"成功解锁🔓澳三！！！🇦🇺
暴走的Tiger
2024-12-22",xiaohongshu_search,
,猛钓一晚上澳洲三文鱼,Nuts,2025-09-09,,"猛钓一晚上澳洲三文鱼
Nuts
2025-09-09",xiaohongshu_search,
,探钓卧龙岗2，铁板路亚中澳洲三文鱼,三毛环澳游钓记,2025-10-29,,"探钓卧龙岗2，铁板路亚中澳洲三文鱼
三毛环澳游钓记
2025-10-29",xiaohongshu_search,
,关于吃澳三这个事,Maya_Franklin,2024-04-30,,"关于吃澳三这个事
Maya_Franklin
2024-04-30",xiaohongshu_search,
,简单总结一下今年的salmon run,Vino🍸,2025-05-30,,"简单总结一下今年的salmon run
Vino🍸
2025-05-30",xiaohongshu_search,
,码头第一次解锁六十的澳大利亚三文鱼,Jacky Jacky,2024-10-03,,"码头第一次解锁六十的澳大利亚三文鱼
Jacky Jacky
2024-10-03",xiaohongshu_search,
,塔州海钓｜澳洲三文鱼｜它们回来了,Randolph舒,2020-11-12,,"塔州海钓｜澳洲三文鱼｜它们回来了
Randolph舒
2020-11-12",xiaohongshu_search,
,蒜香澳三还挺好吃,记录一下钓的鱼🐟,2025-01-17,,"蒜香澳三还挺好吃
记录一下钓的鱼🐟
2025-01-17",xiaohongshu_search,
,澳三刺身还挺好吃的 这能说吗…,小张不能吃蛋糕了🍰,01-25,,"澳三刺身还挺好吃的 这能说吗…
小张不能吃蛋糕了🍰
01-25",xiaohongshu_search,
,悉尼岸抛米级King Fish ！差点被切线 超惊险,Yeva Cyy,01-08,,"悉尼岸抛米级King Fish ！差点被切线 超惊险
Yeva Cyy
01-08",xiaohongshu_search,
,超300次出钓总结的干货,Sinker Man✨,01-15,,"超300次出钓总结的干货
Sinker Man✨
01-15",xiaohongshu_search,
,为啥鱼饵被吃了 但是却没上鱼,Eve,3天前,,"为啥鱼饵被吃了 但是却没上鱼
Eve
3天前",xiaohongshu_search,
,抛出第一竿就中鱼！,Ben,2024-11-05,,"抛出第一竿就中鱼！
Ben
2024-11-05",xiaohongshu_search,
,半夜钓鱼的快乐谁懂？🐟,djatm,2025-11-15,,"半夜钓鱼的快乐谁懂？🐟
djatm
2025-11-15",xiaohongshu_search,
