url,title,author,date_text,engagement_text,raw_text,type,image_url
,澳洲三文鱼，它是怎么能和三文鱼搭边？,澳洲流浪汉,2024-03-18,,"澳洲三文鱼，它是怎么能和三文鱼搭边？
澳洲流浪汉
2024-03-18",xiaohongshu_search,
,🐟冬天就该钓澳三！悉尼海边的“暴力美学”,Bluebite,2025-07-27,,"🐟冬天就该钓澳三！悉尼海边的“暴力美学”
Bluebite
2025-07-27",xiaohongshu_search,
,第一次拉大澳三轮子都冒烟了！,Yuriii澳洲野钓版,2024-10-22,,"第一次拉大澳三轮子都冒烟了！
Yuriii澳洲野钓版
2024-10-22",xiaohongshu_search,
,South Coast的水土是真的养鱼啊,Vino🍸,2024-04-29,,"South Coast的水土是真的养鱼啊
Vino🍸
2024-04-29",xiaohongshu_search,
,猛钓一晚上澳洲三文鱼,Nuts,2025-09-09,,"猛钓一晚上澳洲三文鱼
Nuts
2025-09-09",xiaohongshu_search,
,探钓卧龙岗2，铁板路亚中澳洲三文鱼,三毛环澳游钓记,2025-10-29,,"探钓卧龙岗2，铁板路亚中澳洲三文鱼
三毛环澳游钓记
2025-10-29",xiaohongshu_search,
,关于吃澳三这个事,Maya_Franklin,2024-04-30,,"关于吃澳三这个事
Maya_Franklin
2024-04-30",xiaohongshu_search,
,塔州海钓｜澳洲三文鱼｜它们回来了,Randolph舒,2020-11-12,,"塔州海钓｜澳洲三文鱼｜它们回来了
Randolph舒
2020-11-12",xiaohongshu_search,
,岸抛铁板钓三文鱼和Trevally，实战技巧揭秘,马科长,2023-03-08,,"岸抛铁板钓三文鱼和Trevally，实战技巧揭秘
马科长
2023-03-08",xiaohongshu_search,
,澳三刺身还挺好吃的 这能说吗…,小张不能吃蛋糕了🍰,01-25,,"澳三刺身还挺好吃的 这能说吗…
小张不能吃蛋糕了🍰
01-25",xiaohongshu_search,
,抛出第一竿就中鱼！,Ben,2024-11-05,,"抛出第一竿就中鱼！
Ben
2024-11-05",xiaohongshu_search,
,超300次出钓总结的干货,Sinker Man✨,01-15,,"超300次出钓总结的干货
Sinker Man✨
01-15",xiaohongshu_search,
,为啥鱼饵被吃了 但是却没上鱼,Eve,3天前,,"为啥鱼饵被吃了 但是却没上鱼
Eve
3天前",xiaohongshu_search,
